3156000,11.319619,77.011286,0.94,5,1.53
3158000,11.319619,77.011274,1.63,7,1.53
3160000,11.319629,77.011273,2.19,7,1.53
3162000,11.319626,77.011282,0.24,7,1.14
3164000,11.319620,77.011297,1.39,6,1.14
3166000,11.319619,77.011325,3.07,6,1.14
3168000,11.319657,77.011329,3.43,7,1.01
3170000,11.319676,77.011329,1.80,8,1.01
3172000,11.319677,77.011333,1.41,6,1.14
3174000,11.319663,77.011336,1.11,7,1.14
3176000,11.319651,77.011343,2.41,7,1.14
3178000,11.319637,77.011362,0.78,8,0.88
3180000,11.319621,77.011376,1.00,8,1.19
3182000,11.319602,77.011375,0.91,8,1.19
3184000,11.319594,77.011381,1.69,5,1.89
3186000,11.319591,77.011389,1.76,5,1.89
3188000,11.319596,77.011387,0.93,6,1.89
3190000,11.319602,77.011383,0.65,6,1.90
3192000,11.319599,77.011382,1.54,6,1.90
3194000,11.319577,77.011386,2.46,5,1.90
3196000,11.319550,77.011381,0.94,7,1.02
3198000,11.319531,77.011393,0.94,7,1.02
3200000,11.319516,77.011397,0.31,7,1.02
3202000,11.319496,77.011398,1.78,7,1.02
3204000,11.319498,77.011386,1.43,6,1.90
3206000,11.319503,77.011367,2.20,6,1.91
3208000,11.319513,77.011369,0.72,6,1.91
3210000,11.319504,77.011366,1.26,6,1.91
3212000,11.319483,77.011364,3.17,6,1.91
3214000,11.319499,77.011360,0.91,6,1.91
3216000,11.319508,77.011368,0.63,6,1.19
3218000,11.319521,77.011369,2.50,6,1.19
3220000,11.319528,77.011378,1.80,6,1.19
3222000,11.319519,77.011383,1.13,6,1.19
3224000,11.319514,77.011410,2.96,6,1.19
3226000,11.319521,77.011415,1.96,5,1.92
3228000,11.319518,77.011410,0.54,5,1.92
3230000,11.319508,77.011410,1.15,5,1.92
3232000,11.319523,77.011420,1.69,5,1.92
3234000,11.319533,77.011417,1.04,5,1.92
3236000,11.319541,77.011418,1.33,5,1.92
3238000,11.319554,77.011411,0.69,5,1.93
3240000,11.319572,77.011400,2.56,5,1.93
3242000,11.319570,77.011396,0.93,5,1.93
3244000,11.319577,77.011392,1.02,6,1.93
3246000,11.319579,77.011383,1.04,6,1.93
3248000,11.319580,77.011382,0.44,5,1.93
3250000,11.319591,77.011376,0.98,5,1.93
3252000,11.319594,77.011374,0.48,5,1.94
3254000,11.319605,77.011369,0.46,5,1.94
3256000,11.319620,77.011369,0.20,6,1.94
3258000,11.319622,77.011362,1.02,6,1.94
3260000,11.319620,77.011359,0.43,6,1.94
3262000,11.319672,77.011346,1.59,6,1.10
3264000,11.319741,77.011322,1.41,6,1.10
3266000,11.319806,77.011298,2.83,6,1.10
3268000,11.319846,77.011276,3.44,7,0.98
3270000,11.319844,77.011268,2.69,7,1.95
3272000,11.319838,77.011273,1.44,7,1.95
3274000,11.319820,77.011288,1.80,7,1.95
3276000,11.319807,77.011304,1.98,7,1.19
3278000,11.319787,77.011311,0.46,7,1.19
3280000,11.319787,77.011305,0.72,5,1.95
3282000,11.319776,77.011303,1.39,5,1.95
3284000,11.319770,77.011301,1.02,4,2.01
3286000,11.319755,77.011303,1.91,6,2.01
3288000,11.319733,77.011320,2.61,7,0.99
3290000,11.319705,77.011339,3.43,7,0.99
3292000,11.319656,77.011352,5.52,7,0.93
3294000,11.319639,77.011353,4.61,6,1.23
3296000,11.319624,77.011358,5.00,6,1.23
3298000,11.319628,77.011364,3.02,7,1.14
3300000,11.319613,77.011364,4.13,6,1.14
3302000,11.319601,77.011365,3.13,6,1.14
3304000,11.319608,77.011361,2.26,5,1.97
3306000,11.319612,77.011361,1.57,5,2.02
3308000,11.319616,77.011364,1.48,5,2.02
3310000,11.319619,77.011375,2.13,5,2.03
3312000,11.319636,77.011375,1.15,5,1.97
3314000,11.319641,77.011381,1.48,5,1.97
3316000,11.319641,77.011385,0.78,5,2.03
3318000,11.319633,77.011390,2.31,5,2.03
3320000,11.319641,77.011382,0.22,6,2.03
3322000,11.319644,77.011379,1.72,5,2.04
3324000,11.319645,77.011379,0.78,4,2.04
3326000,11.319646,77.011371,0.50,4,2.04
3328000,11.319633,77.011366,1.26,4,2.04
3330000,11.319630,77.011358,0.98,4,2.04
3332000,11.319612,77.011361,1.85,4,2.04
3334000,11.319595,77.011365,1.31,4,2.04
3336000,11.319587,77.011368,2.22,4,2.05
3338000,11.319596,77.011360,0.63,4,2.05
3340000,11.319587,77.011353,1.80,4,2.05
3342000,11.319581,77.011348,0.83,4,2.05
3344000,11.319566,77.011353,2.02,4,2.05
3346000,11.319551,77.011361,1.85,4,2.05
3348000,11.319554,77.011357,1.02,4,2.06
3350000,11.319553,77.011358,0.98,4,2.06
3352000,11.319558,77.011339,1.37,4,2.06
3354000,11.319551,77.011327,2.19,4,2.06
3356000,11.319564,77.011323,1.98,4,2.06
3358000,11.319565,77.011330,0.44,4,2.06
3360000,11.319571,77.011332,1.50,4,2.07
3362000,11.319565,77.011336,2.48,4,2.07
3364000,11.319564,77.011342,1.72,4,2.07
3366000,11.319587,77.011336,1.52,4,2.07
3368000,11.319592,77.011327,0.80,5,2.07
3370000,11.319594,77.011310,1.81,5,2.07
3372000,11.319590,77.011310,1.39,5,2.08
3374000,11.319574,77.011306,1.93,5,1.31
3376000,11.319567,77.011313,0.76,5,1.31
3378000,11.319561,77.011327,1.22,5,1.31
3380000,11.319537,77.011332,2.48,6,1.31
3382000,11.319537,77.011326,1.37,4,2.08
3384000,11.319536,77.011330,1.94,4,2.09
3386000,11.319572,77.011307,0.85,3,2.47
3388000,11.319586,77.011308,1.59,3,2.47
3390000,11.319588,77.011317,0.81,4,2.47
3392000,11.319594,77.011314,1.44,4,2.47
3394000,11.319577,77.011336,1.15,5,2.09
3396000,11.319581,77.011337,1.80,5,2.03
3398000,11.319568,77.011366,1.06,6,2.03
3400000,11.319571,77.011391,2.07,6,2.03
3402000,11.319577,77.011391,0.57,5,2.03
3404000,11.319584,77.011386,1.09,4,2.10
3406000,11.319592,77.011373,1.81,6,1.14
3408000,11.319576,77.011374,1.43,6,1.14
3410000,11.319574,77.011380,1.48,5,2.04
3412000,11.319569,77.011380,0.35,5,2.04
3414000,11.319571,77.011380,1.04,5,2.04
3416000,11.319602,77.011360,1.67,5,2.04
3418000,11.319627,77.011347,3.65,5,2.04
3420000,11.319638,77.011334,1.74,6,2.04
3422000,11.319644,77.011325,2.70,5,2.04
3424000,11.319635,77.011330,0.98,6,2.26
3426000,11.319632,77.011329,1.02,6,2.04
3428000,11.319645,77.011316,1.50,6,2.05
3430000,11.319618,77.011343,1.46,6,2.05
3432000,11.319618,77.011343,1.46,5,21.24
3434000,11.319618,77.011343,1.46,5,21.54
3436000,11.319618,77.011343,1.46,6,21.85
3438000,11.319664,77.011314,0.50,5,2.05
3440000,11.319663,77.011318,0.63,5,2.05
3442000,11.319666,77.011312,0.37,5,1.52
3444000,11.319656,77.011307,1.59,6,1.14
3446000,11.319658,77.011293,2.31,6,1.14
3448000,11.319662,77.011283,3.15,6,1.14
3450000,11.319678,77.011275,1.83,6,1.67
3452000,11.319706,77.011271,0.63,5,1.67
3454000,11.319721,77.011279,0.35,5,1.67
3456000,11.319741,77.011277,0.52,5,1.67
3458000,11.319762,77.011284,0.65,5,1.67
3460000,11.319793,77.011273,2.57,6,1.67
3462000,11.319800,77.011283,0.24,6,1.67
3464000,11.319822,77.011279,1.98,6,1.67
3466000,11.319729,77.011307,3.85,6,1.14
3468000,11.319730,77.011313,2.98,5,1.67
3470000,11.319704,77.011309,3.33,4,2.63
3472000,11.319691,77.011311,3.07,4,2.63
3474000,11.319673,77.011323,4.26,5,2.63
3476000,11.319644,77.011334,6.06,5,2.63
3478000,11.319636,77.011343,3.72,5,1.67
3480000,11.319639,77.011337,3.41,5,2.63
3482000,11.319653,77.011321,1.52,5,2.63
3484000,11.319645,77.011335,3.33,5,2.63
3486000,11.319686,77.011319,1.15,5,1.67
3488000,11.319747,77.011269,3.96,5,1.67
3490000,11.319761,77.011255,4.61,4,3.27
3492000,11.319793,77.011261,3.24,5,2.63
3494000,11.319802,77.011268,2.83,5,2.63
3496000,11.319792,77.011265,1.72,5,2.63
3498000,11.319776,77.011264,0.91,5,1.67
3500000,11.319769,77.011264,2.09,5,1.67
3502000,11.319790,77.011263,0.98,4,2.63
3504000,11.319811,77.011254,2.70,4,2.63
3506000,11.319819,77.011257,0.39,4,2.63
3508000,11.319847,77.011244,2.41,5,2.63
3510000,11.319896,77.011225,4.19,5,2.63
3512000,11.319929,77.011220,3.98,5,2.63
3514000,11.319937,77.011220,3.07,5,2.63
3516000,11.319948,77.011234,2.85,5,1.67
3518000,11.319969,77.011235,3.80,5,1.67
3520000,11.319980,77.011230,2.54,6,1.67
3522000,11.320039,77.011206,7.76,6,1.41
3524000,11.320067,77.011191,7.30,5,3.05
3526000,11.320081,77.011166,8.46,5,2.63
3528000,11.320049,77.011176,3.98,6,1.25
3530000,11.320035,77.011172,6.00,6,1.25
3532000,11.320033,77.011158,5.63,7,1.25
3534000,11.320043,77.011168,4.80,5,2.63
3536000,11.320044,77.011176,2.61,5,2.63
3538000,11.320021,77.011186,1.07,7,1.15
3540000,11.320026,77.011198,2.22,7,5.85
3542000,11.320006,77.011197,0.98,7,5.84
3544000,11.320003,77.011209,1.54,7,5.83
3546000,11.320003,77.011222,1.80,7,1.67
3548000,11.319980,77.011237,0.81,7,1.67
3550000,11.319952,77.011261,3.19,6,2.63
3552000,11.319930,77.011264,2.15,6,2.63
3554000,11.319909,77.011274,2.00,6,2.63
3556000,11.319911,77.011275,1.37,5,2.63
3558000,11.320199,77.011182,7.07,5,1.38
3560000,11.320395,77.011131,11.09,5,1.38
3562000,11.320541,77.011095,13.09,7,1.38
3564000,11.320505,77.011106,9.15,6,1.67
3566000,11.320477,77.011112,8.57,6,1.67
3568000,11.320463,77.011110,5.65,4,1.77
3570000,11.320413,77.011128,4.91,5,1.67
3572000,11.320353,77.011149,1.81,5,1.67
3574000,11.320317,77.011154,2.11,5,1.67
3576000,11.320302,77.011154,2.04,5,1.67
3578000,11.320301,77.011135,3.65,5,1.67
3580000,11.320292,77.011116,4.24,5,1.67
3582000,11.320304,77.011090,4.80,5,1.67
3584000,11.320316,77.011055,7.30,5,1.67
3586000,11.320346,77.011024,6.02,5,2.62
3588000,11.320357,77.010986,9.39,5,2.13
3590000,11.320296,77.010993,6.13,5,2.14
3592000,11.320203,77.011006,3.94,6,1.14
3594000,11.320151,77.011000,3.15,6,1.14
3596000,11.320113,77.010983,3.61,6,1.14
3598000,11.320096,77.010980,1.96,6,1.14
3600000,11.320094,77.010983,1.28,6,1.66
3602000,11.320090,77.010987,0.61,6,1.66
3604000,11.320083,77.010994,2.09,6,1.66
3606000,11.320085,77.011005,1.65,6,1.14
3608000,11.320083,77.011010,1.22,6,1.14
3610000,11.320066,77.011032,1.89,7,1.14
3612000,11.320032,77.011044,1.74,8,1.14
3614000,11.320007,77.011056,1.15,6,1.14
3616000,11.319995,77.011062,1.24,6,1.14
3618000,11.319996,77.011057,0.63,6,1.66
3620000,11.320002,77.011042,1.56,6,1.66
3622000,11.320019,77.011031,1.56,7,1.66
3624000,11.320018,77.011035,3.11,7,1.13
3626000,11.320002,77.011044,1.04,6,1.13
3628000,11.319944,77.011069,1.09,7,1.01
3630000,11.319929,77.011088,1.67,7,1.17
3632000,11.319893,77.011116,2.83,7,1.17
3634000,11.319845,77.011150,4.80,6,1.17
3636000,11.319813,77.011173,5.00,6,1.17
3638000,11.319793,77.011180,4.17,6,1.17
3640000,11.319783,77.011193,3.76,7,1.17
3642000,11.319768,77.011208,1.63,7,1.01
3644000,11.319759,77.011217,1.93,7,1.01
3646000,11.319760,77.011222,0.04,7,1.01
3648000,11.319762,77.011223,0.78,7,1.01
3650000,11.319754,77.011234,0.13,7,1.01
3652000,11.319742,77.011248,0.87,7,1.01
3654000,11.319725,77.011258,1.07,7,1.01
3656000,11.319703,77.011275,2.20,7,1.01
3658000,11.319674,77.011289,3.24,7,1.01
3660000,11.319665,77.011299,2.06,7,1.01
3662000,11.319660,77.011314,2.43,7,1.01
3664000,11.319668,77.011316,0.83,7,1.01
3666000,11.319667,77.011311,1.61,7,1.01
3668000,11.319679,77.011313,0.81,7,1.01
3670000,11.319701,77.011312,1.65,7,1.01
3672000,11.319708,77.011300,2.56,7,1.01
3674000,11.319714,77.011300,2.28,6,1.39
3676000,11.319714,77.011302,1.54,6,1.39
3678000,11.319711,77.011304,1.28,6,1.39
3680000,11.319700,77.011314,0.76,6,1.39
3682000,11.319694,77.011325,0.69,7,1.39
3684000,11.319680,77.011344,2.39,7,1.39
3686000,11.319669,77.011353,1.13,7,1.39
3688000,11.319660,77.011366,3.22,6,1.39
3690000,11.319658,77.011373,1.83,6,1.39
3692000,11.319661,77.011363,0.22,6,1.39
3694000,11.319668,77.011356,0.52,6,1.17
3696000,11.319680,77.011342,0.44,7,1.17
3698000,11.319684,77.011322,1.15,6,1.17
3700000,11.319674,77.011327,0.85,8,1.04
3702000,11.319669,77.011347,0.72,8,0.91
3704000,11.319672,77.011362,2.44,8,0.91
3706000,11.319648,77.011394,3.61,8,0.91
3708000,11.319646,77.011391,1.15,7,1.01
3710000,11.319637,77.011401,0.63,7,0.95
3712000,11.319621,77.011419,0.89,7,0.95
3714000,11.319618,77.011431,0.93,7,0.95
3716000,11.319612,77.011436,1.24,7,1.39
3718000,11.319600,77.011433,1.50,7,1.39
3720000,11.319584,77.011445,2.87,7,0.95
3722000,11.319572,77.011457,1.35,8,0.95
3724000,11.319552,77.011459,3.06,8,0.95
3726000,11.319539,77.011460,1.93,8,1.21
3728000,11.319528,77.011462,3.22,7,1.65
3730000,11.319523,77.011473,2.96,6,3.08
3732000,11.319526,77.011448,2.98,6,1.39
3734000,11.319555,77.011426,1.37,6,1.39
3736000,11.319620,77.011390,4.04,6,1.39
3738000,11.319540,77.011400,2.83,5,1.51
3740000,11.319501,77.011398,3.15,5,3.07
3742000,11.319500,77.011412,2.67,5,3.07
3744000,11.319503,77.011416,0.65,5,3.07
3746000,11.319517,77.011414,1.74,5,3.07
3748000,11.319521,77.011413,0.87,5,3.07
3750000,11.319532,77.011417,0.87,4,3.07
3752000,11.319546,77.011416,0.74,4,3.07
3754000,11.319561,77.011401,0.13,4,3.06
3756000,11.319563,77.011404,1.06,4,3.06
3758000,11.319549,77.011408,0.44,4,3.06
3760000,11.319555,77.011408,1.11,4,3.06
3762000,11.319581,77.011401,1.91,4,3.06
3764000,11.319592,77.011397,1.20,4,3.06
3766000,11.319607,77.011394,1.39,4,3.06
3768000,11.319611,77.011393,0.67,4,3.05
3770000,11.319624,77.011387,0.63,4,3.05
3772000,11.319640,77.011381,1.91,4,3.05
3774000,11.319646,77.011379,0.96,4,3.05
3776000,11.319641,77.011395,1.50,4,3.05
3778000,11.319646,77.011389,0.67,5,3.05
3780000,11.319665,77.011383,2.28,5,3.05
3782000,11.319673,77.011376,0.41,4,3.05
3784000,11.319680,77.011366,1.30,4,3.04
3786000,11.319660,77.011380,0.85,4,3.04
3788000,11.319646,77.011392,1.13,4,3.04
3790000,11.319660,77.011386,1.17,4,3.04
3792000,11.319684,77.011370,1.07,4,3.04
3794000,11.319691,77.011366,1.04,4,3.04
3796000,11.319696,77.011359,0.37,4,3.04
3798000,11.319682,77.011370,0.91,4,3.03
3800000,11.319693,77.011363,0.59,5,3.03
3802000,11.319703,77.011358,2.15,5,3.03
3804000,11.319683,77.011371,0.65,5,1.25
3806000,11.319629,77.011403,0.63,5,1.25
3808000,11.319592,77.011431,0.83,5,1.25
3810000,11.319586,77.011428,0.67,4,3.03
3812000,11.319580,77.011425,1.20,4,3.03
3814000,11.319611,77.011399,0.93,5,1.25
3816000,11.319631,77.011384,2.94,5,1.25
3818000,11.319649,77.011374,2.89,5,1.25
3820000,11.319664,77.011365,3.50,5,1.25
3822000,11.319651,77.011381,0.87,5,1.25
3824000,11.319639,77.011385,0.59,5,1.25
3826000,11.319626,77.011394,1.57,5,1.25
3828000,11.319622,77.011395,1.06,6,1.25
3830000,11.319617,77.011403,1.48,6,1.25
3832000,11.319619,77.011416,2.15,6,1.00
3834000,11.319612,77.011425,2.41,6,3.01
3836000,11.319595,77.011437,3.96,6,3.01
3838000,11.319576,77.011445,2.93,5,3.01
3840000,11.319561,77.011458,4.30,5,3.01
3842000,11.319541,77.011471,3.52,5,3.01
3844000,11.319506,77.011500,5.87,5,3.00
3846000,11.319523,77.011488,4.28,5,1.51
3848000,11.319542,77.011476,2.31,5,1.51
3850000,11.319568,77.011465,1.02,5,1.51
3852000,11.319586,77.011459,0.81,5,1.51
3854000,11.319593,77.011459,1.37,5,1.51
3856000,11.319593,77.011455,0.94,5,1.51
3858000,11.319591,77.011461,2.44,5,1.51
3860000,11.319592,77.011459,1.57,5,1.51
3862000,11.319599,77.011456,2.19,5,1.51
3864000,11.319611,77.011441,1.13,5,1.51
3866000,11.319611,77.011444,0.93,5,1.51
3868000,11.319603,77.011439,0.54,5,1.51
3870000,11.319604,77.011421,1.57,5,1.51
3872000,11.319607,77.011405,1.67,5,1.51
3874000,11.319617,77.011402,1.35,5,1.51
3876000,11.319624,77.011405,1.19,6,1.51
3878000,11.319628,77.011417,1.48,5,1.51
3880000,11.319623,77.011427,0.81,5,1.51
3882000,11.319625,77.011421,0.15,5,1.50
3884000,11.319624,77.011428,0.70,5,1.50
3886000,11.319622,77.011426,0.52,6,1.50
3888000,11.319616,77.011441,1.33,5,1.50
3890000,11.319612,77.011444,1.15,5,1.50
3892000,11.319604,77.011433,0.83,5,1.50
3894000,11.319597,77.011438,1.26,5,1.50
3896000,11.319589,77.011442,3.02,5,1.50
3898000,11.319577,77.011445,5.56,5,1.50
3900000,11.319575,77.011429,3.48,5,1.50
3902000,11.319565,77.011440,3.80,5,1.50
3904000,11.319557,77.011447,3.82,5,1.50
3906000,11.319552,77.011454,2.96,5,1.50
3908000,11.319547,77.011454,2.33,5,1.50
3910000,11.319550,77.011443,1.44,5,1.50
3912000,11.319549,77.011436,1.50,5,1.50
3914000,11.319551,77.011439,0.59,5,1.50
3916000,11.319554,77.011433,0.33,5,1.50
3918000,11.319563,77.011419,1.72,5,1.50
3920000,11.319567,77.011409,1.48,5,1.50
3922000,11.319566,77.011409,0.65,5,1.50
3924000,11.319565,77.011425,0.98,5,1.50
3926000,11.319567,77.011427,0.83,5,1.50
3928000,11.319564,77.011426,0.13,5,1.50
3930000,11.319562,77.011428,0.56,5,1.50
3932000,11.319562,77.011428,0.63,5,1.50
3934000,11.319554,77.011433,1.20,5,1.50
3936000,11.319554,77.011442,1.17,5,1.50
3938000,11.319549,77.011444,0.70,5,1.50
3940000,11.319533,77.011449,1.70,5,1.50
3942000,11.319527,77.011450,1.87,7,1.50
3944000,11.319523,77.011455,1.37,5,1.50
3946000,11.319524,77.011466,1.63,6,1.50
3948000,11.319532,77.011465,0.83,6,1.50
3950000,11.319543,77.011457,0.83,6,1.50
3952000,11.319571,77.011442,1.52,6,1.17
3954000,11.319586,77.011436,1.83,7,1.17
3956000,11.319593,77.011442,1.56,7,1.17
3958000,11.319604,77.011437,1.72,6,1.17
3960000,11.319629,77.011396,2.89,6,1.17
3962000,11.319640,77.011402,2.54,6,1.17
3964000,11.319652,77.011405,2.26,6,1.17
3966000,11.319655,77.011400,1.83,6,1.17
3968000,11.319658,77.011390,1.65,6,1.17
3970000,11.319679,77.011359,3.09,7,0.94
3972000,11.319686,77.011358,2.22,7,1.17
3974000,11.319688,77.011349,2.07,7,1.17
3976000,11.319688,77.011337,2.20,7,1.17
3978000,11.319685,77.011334,1.24,6,1.17
3980000,11.319685,77.011332,1.56,6,1.17
3982000,11.319673,77.011348,0.57,5,1.50
3984000,11.319666,77.011354,0.63,5,1.50
3986000,11.319661,77.011357,0.44,5,1.50
3988000,11.319661,77.011359,0.67,5,1.50
3990000,11.319663,77.011353,0.76,5,1.50
3992000,11.319668,77.011355,0.89,5,1.50
3994000,11.319680,77.011355,1.85,5,1.50
3996000,11.319689,77.011352,0.98,5,1.50
3998000,11.319692,77.011355,1.89,5,1.50
4000000,11.319685,77.011362,0.93,5,1.50
4002000,11.319679,77.011358,1.28,5,1.50
4004000,11.319669,77.011359,0.54,5,1.50
4006000,11.319651,77.011367,0.46,5,1.50
4008000,11.319647,77.011369,0.35,5,1.50
4010000,11.319642,77.011370,0.06,5,1.50
4012000,11.319647,77.011367,0.37,5,1.50
4014000,11.319641,77.011370,0.31,5,1.50
4016000,11.319639,77.011379,1.11,5,1.50
4018000,11.319630,77.011388,1.11,5,1.50
4020000,11.319625,77.011381,0.98,5,1.50
4022000,11.319619,77.011385,0.33,5,1.50
4024000,11.319613,77.011394,0.80,5,1.50
4026000,11.319606,77.011403,1.20,5,1.50
4028000,11.319603,77.011401,0.43,5,1.50
4030000,11.319616,77.011383,0.70,5,1.50
4032000,11.319613,77.011379,0.76,5,1.50
4034000,11.319607,77.011374,1.15,5,1.50
4036000,11.319589,77.011384,1.81,5,1.50
4038000,11.319585,77.011389,0.37,6,1.50
4040000,11.319580,77.011403,2.20,5,1.50
4042000,11.319575,77.011394,0.65,5,1.50
4044000,11.319574,77.011386,2.33,5,1.50
4046000,11.319582,77.011383,0.33,6,1.50
4048000,11.319595,77.011379,0.93,6,1.50
4050000,11.319607,77.011378,1.13,6,1.00
4052000,11.319625,77.011387,2.44,6,1.00
4054000,11.319638,77.011379,0.81,7,0.96
4056000,11.319652,77.011378,1.98,7,0.96
4058000,11.319658,77.011385,1.31,7,0.96
4060000,11.319654,77.011381,1.56,7,0.96
4062000,11.319638,77.011377,1.61,7,1.42
4064000,11.319627,77.011369,1.61,7,1.42
4066000,11.319630,77.011368,0.61,6,1.42
4068000,11.319624,77.011369,0.09,6,1.50
4070000,11.319625,77.011368,0.65,6,1.50
4072000,11.319625,77.011371,1.04,7,1.50
4074000,11.319620,77.011391,2.07,7,0.96
4076000,11.319607,77.011420,3.94,7,0.96
4078000,11.319609,77.011420,2.24,6,1.42
4080000,11.319608,77.011407,1.83,6,1.53
4082000,11.319621,77.011401,0.80,7,1.53
4084000,11.319634,77.011396,0.52,6,1.53
4086000,11.319637,77.011410,1.65,6,1.42
4088000,11.319644,77.011401,1.15,6,1.42
4090000,11.319644,77.011398,0.83,6,2.03
4092000,11.319653,77.011399,1.11,7,1.01
4094000,11.319655,77.011384,1.87,7,1.01
4096000,11.319652,77.011368,3.19,7,1.01
4098000,11.319657,77.011370,1.80,7,1.01
4100000,11.319654,77.011374,1.70,7,1.01
4102000,11.319645,77.011378,1.26,6,1.15
4104000,11.319637,77.011383,0.56,6,1.15
4106000,11.319633,77.011397,1.20,6,1.15
4108000,11.319634,77.011408,1.56,6,1.15
4110000,11.319643,77.011405,1.07,6,1.23
4112000,11.319643,77.011412,1.30,6,1.23
4114000,11.319639,77.011422,1.44,6,1.23
4116000,11.319641,77.011416,1.46,6,2.03
4118000,11.319655,77.011404,2.06,5,2.03
4120000,11.319666,77.011394,0.69,5,2.03
4122000,11.319688,77.011401,2.80,6,2.24
4124000,11.319692,77.011413,2.50,5,2.24
4126000,11.319690,77.011426,2.44,5,2.24
4128000,11.319701,77.011426,1.91,5,2.03
4130000,11.319710,77.011440,3.17,5,2.03
4132000,11.319729,77.011421,2.67,6,2.03
4134000,11.319776,77.011522,6.76,6,1.42
4136000,11.319819,77.011566,8.70,5,2.03
4138000,11.319848,77.011568,6.98,6,2.03
4140000,11.319872,77.011570,6.59,6,2.22
4142000,11.319885,77.011572,3.96,6,2.22
4144000,11.319907,77.011551,4.59,6,1.45
4146000,11.319903,77.011520,4.28,6,1.23
4148000,11.319887,77.011495,3.11,5,1.23
4150000,11.319865,77.011479,1.04,5,1.23
4152000,11.319871,77.011444,1.85,5,12.26
4154000,11.319871,77.011444,1.85,0,99.99
4156000,11.319871,77.011444,1.85,0,99.99
4158000,11.319806,77.011407,2.31,5,2.08
4160000,11.319757,77.011365,5.87,4,2.08
4162000,11.319740,77.011341,3.30,4,3.28
4164000,11.319737,77.011328,2.59,4,3.27
4166000,11.319746,77.011319,1.17,4,3.27
4168000,11.319781,77.011310,2.70,5,3.26
4170000,11.319826,77.011336,5.13,5,1.22
4172000,11.319872,77.011360,7.32,5,1.22
4174000,11.319899,77.011370,6.44,5,1.22
4176000,11.319913,77.011371,6.54,5,1.22
4178000,11.319922,77.011353,3.87,5,1.22
4580000,11.319978,77.011518,1.93,0,99.99
4582000,11.319978,77.011518,1.93,0,99.99
4584000,11.319978,77.011518,1.93,0,99.99
4586000,11.319978,77.011518,1.93,0,99.99
4588000,11.319978,77.011518,1.93,0,99.99
4590000,11.319978,77.011518,1.93,0,99.99
4592000,11.319978,77.011518,1.93,0,99.99
4594000,11.319978,77.011518,1.93,0,99.99
4596000,11.319978,77.011518,1.93,0,99.99
4598000,11.319978,77.011518,1.93,0,99.99
4600000,11.319978,77.011518,1.93,0,99.99
4602000,11.319978,77.011518,1.93,0,99.99
4604000,11.319978,77.011518,1.93,0,99.99
4606000,11.319978,77.011518,1.93,0,99.99
4608000,11.319978,77.011518,1.93,0,99.99
4610000,11.319978,77.011518,1.93,0,99.99
4612000,11.319978,77.011518,1.93,0,99.99
4614000,11.319978,77.011518,1.93,0,99.99
4616000,11.319978,77.011518,1.93,0,99.99
4618000,11.319978,77.011518,1.93,0,99.99
4620000,11.319978,77.011518,1.93,0,99.99
4622000,11.319978,77.011518,1.93,0,99.99
4624000,11.319978,77.011518,1.93,0,99.99
4626000,11.319978,77.011518,1.93,0,99.99
4628000,11.319978,77.011518,1.93,0,99.99
4630000,11.319978,77.011518,1.93,0,99.99
4632000,11.319978,77.011518,1.93,0,99.99
4634000,11.319978,77.011518,1.93,0,99.99
4636000,11.319978,77.011518,1.93,0,99.99
4638000,11.319978,77.011518,1.93,0,99.99
4640000,11.319978,77.011518,1.93,0,99.99
4642000,11.319978,77.011518,1.93,0,99.99
4644000,11.319978,77.011518,1.93,0,99.99
4646000,11.319978,77.011518,1.93,0,99.99
4648000,11.319978,77.011518,1.93,0,99.99
4650000,11.319978,77.011518,1.93,0,99.99
4652000,11.319978,77.011518,1.93,0,99.99
4654000,11.319978,77.011518,1.93,0,99.99
4656000,11.319978,77.011518,1.93,0,99.99
4658000,11.319978,77.011518,1.93,0,99.99
4660000,11.319978,77.011518,1.93,0,99.99
4662000,11.319978,77.011518,1.93,0,99.99
4664000,11.319978,77.011518,1.93,0,99.99
4666000,11.319978,77.011518,1.93,0,99.99
4668000,11.319978,77.011518,1.93,0,99.99
4670000,11.319978,77.011518,1.93,0,99.99
4672000,11.319978,77.011518,1.93,0,99.99
4674000,11.319978,77.011518,1.93,0,99.99
4676000,11.319978,77.011518,1.93,0,99.99
4678000,11.319978,77.011518,1.93,0,99.99
4680000,11.319978,77.011518,1.93,0,99.99
4682000,11.319978,77.011518,1.93,0,99.99
4684000,11.319978,77.011518,1.93,0,99.99
4686000,11.319978,77.011518,1.93,0,99.99
4688000,11.319978,77.011518,1.93,0,99.99
4690000,11.319978,77.011518,1.93,0,99.99
4692000,11.319978,77.011518,1.93,0,99.99
4694000,11.319978,77.011518,1.93,0,99.99
4696000,11.319978,77.011518,1.93,0,99.99
4698000,11.319978,77.011518,1.93,0,99.99
4700000,11.319978,77.011518,1.93,0,99.99
4702000,11.319978,77.011518,1.93,0,99.99
4704000,11.319978,77.011518,1.93,0,99.99
4706000,11.319978,77.011518,1.93,0,99.99
4708000,11.319978,77.011518,1.93,0,99.99
4710000,11.319978,77.011518,1.93,0,99.99
4712000,11.319978,77.011518,1.93,0,99.99
4714000,11.319978,77.011518,1.93,0,99.99
4716000,11.319978,77.011518,1.93,0,99.99
4718000,11.319978,77.011518,1.93,0,99.99
4720000,11.319978,77.011518,1.93,0,99.99
4722000,11.319978,77.011518,1.93,0,99.99
4724000,11.319978,77.011518,1.93,0,99.99
4726000,11.319978,77.011518,1.93,0,99.99
4728000,11.319978,77.011518,1.93,0,99.99
4730000,11.319978,77.011518,1.93,0,99.99
4732000,11.319978,77.011518,1.93,0,99.99
4734000,11.319978,77.011518,1.93,0,99.99
4736000,11.319978,77.011518,1.93,0,99.99
4738000,11.319978,77.011518,1.93,0,99.99
4740000,11.319978,77.011518,1.93,0,99.99
4742000,11.319978,77.011518,1.93,0,99.99
4744000,11.319978,77.011518,1.93,0,99.99
4746000,11.319978,77.011518,1.93,0,99.99
4748000,11.319978,77.011518,1.93,0,99.99
4750000,11.319978,77.011518,1.93,0,99.99
4752000,11.319978,77.011518,1.93,0,99.99
4754000,11.319978,77.011518,1.93,0,99.99
4756000,11.319978,77.011518,1.93,0,99.99
4758000,11.319978,77.011518,1.93,0,99.99
4760000,11.319978,77.011518,1.93,0,99.99
4762000,11.319978,77.011518,1.93,0,99.99
4764000,11.319978,77.011518,1.93,0,99.99
4766000,11.319978,77.011518,1.93,0,99.99
4768000,11.319978,77.011518,1.93,0,99.99
4770000,11.319978,77.011518,1.93,0,99.99
4772000,11.319978,77.011518,1.93,0,99.99
4774000,11.319978,77.011518,1.93,0,99.99
4776000,11.319978,77.011518,1.93,0,99.99
4778000,11.319978,77.011518,1.93,0,99.99
4780000,11.319978,77.011518,1.93,0,99.99
4782000,11.319978,77.011518,1.93,0,99.99
4784000,11.319978,77.011518,1.93,0,99.99
4786000,11.319978,77.011518,1.93,0,99.99
4788000,11.319978,77.011518,1.93,0,99.99
4790000,11.319978,77.011518,1.93,0,99.99
4792000,11.319978,77.011518,1.93,0,99.99
4794000,11.319978,77.011518,1.93,0,99.99
4796000,11.319978,77.011518,1.93,0,99.99
4798000,11.319978,77.011518,1.93,0,99.99
4800000,11.319978,77.011518,1.93,0,99.99
4802000,11.319978,77.011518,1.93,0,99.99
4804000,11.319978,77.011518,1.93,0,99.99
4806000,11.319978,77.011518,1.93,0,99.99
4808000,11.319978,77.011518,1.93,0,99.99
4810000,11.319978,77.011518,1.93,0,99.99
4812000,11.319978,77.011518,1.93,0,99.99
4814000,11.319978,77.011518,1.93,0,99.99
4816000,11.319978,77.011518,1.93,0,99.99
4818000,11.319978,77.011518,1.93,0,99.99
4820000,11.319978,77.011518,1.93,0,99.99
4822000,11.319978,77.011518,1.93,0,99.99
4824000,11.319978,77.011518,1.93,0,99.99
4826000,11.319978,77.011518,1.93,0,99.99
4828000,11.319978,77.011518,1.93,0,99.99
4830000,11.319978,77.011518,1.93,0,99.99
4832000,11.319978,77.011518,1.93,0,99.99
4834000,11.319978,77.011518,1.93,0,99.99
4836000,11.319978,77.011518,1.93,0,99.99
4838000,11.319978,77.011518,1.93,0,99.99
4840000,11.319978,77.011518,1.93,0,99.99
4842000,11.319978,77.011518,1.93,0,99.99
4844000,11.319978,77.011518,1.93,0,99.99
4846000,11.319978,77.011518,1.93,0,99.99
4848000,11.319978,77.011518,1.93,0,99.99
4850000,11.319978,77.011518,1.93,0,99.99
4852000,11.319978,77.011518,1.93,0,99.99
4854000,11.319978,77.011518,1.93,0,99.99
4856000,11.319978,77.011518,1.93,0,99.99
4858000,11.319978,77.011518,1.93,0,99.99
4860000,11.319978,77.011518,1.93,0,99.99
4862000,11.319978,77.011518,1.93,0,99.99
4864000,11.319978,77.011518,1.93,0,99.99
4866000,11.319978,77.011518,1.93,0,99.99
4868000,11.319978,77.011518,1.93,0,99.99
4870000,11.319978,77.011518,1.93,0,99.99
4872000,11.319978,77.011518,1.93,0,99.99
4874000,11.319978,77.011518,1.93,0,99.99
4876000,11.319978,77.011518,1.93,0,99.99
4878000,11.319978,77.011518,1.93,0,99.99
4880000,11.319978,77.011518,1.93,0,99.99
4882000,11.319978,77.011518,1.93,0,99.99
4884000,11.319978,77.011518,1.93,0,99.99
4886000,11.319978,77.011518,1.93,0,99.99
4888000,11.319978,77.011518,1.93,0,99.99
4890000,11.319978,77.011518,1.93,0,99.99
4892000,11.319978,77.011518,1.93,0,99.99
4894000,11.319978,77.011518,1.93,0,99.99
4896000,11.319978,77.011518,1.93,0,99.99
4898000,11.319978,77.011518,1.93,0,99.99
4900000,11.319978,77.011518,1.93,0,99.99
4902000,11.319978,77.011518,1.93,0,99.99
4904000,11.319978,77.011518,1.93,0,99.99
4906000,11.319978,77.011518,1.93,0,99.99
4908000,11.319978,77.011518,1.93,0,99.99
4910000,11.319978,77.011518,1.93,0,99.99
4912000,11.319978,77.011518,1.93,0,99.99
4914000,11.319978,77.011518,1.93,0,99.99
4916000,11.319978,77.011518,1.93,0,99.99
4918000,11.319978,77.011518,1.93,0,99.99
4920000,11.319978,77.011518,1.93,0,99.99
4922000,11.319978,77.011518,1.93,0,99.99
4924000,11.319978,77.011518,1.93,0,99.99
4926000,11.319978,77.011518,1.93,0,99.99
4928000,11.319978,77.011518,1.93,0,99.99
4930000,11.319978,77.011518,1.93,0,99.99
4932000,11.319978,77.011518,1.93,0,99.99
4934000,11.319978,77.011518,1.93,0,99.99
4936000,11.319978,77.011518,1.93,0,99.99
4938000,11.319978,77.011518,1.93,0,99.99
4940000,11.319978,77.011518,1.93,0,99.99
4942000,11.319978,77.011518,1.93,0,99.99
4944000,11.319978,77.011518,1.93,0,99.99
4946000,11.319978,77.011518,1.93,0,99.99
4948000,11.319978,77.011518,1.93,0,99.99
4950000,11.319978,77.011518,1.93,0,99.99
4952000,11.319978,77.011518,1.93,0,99.99
4954000,11.319978,77.011518,1.93,0,99.99
4956000,11.319978,77.011518,1.93,0,99.99
4958000,11.319978,77.011518,1.93,0,99.99
4960000,11.319978,77.011518,1.93,0,99.99
4962000,11.319978,77.011518,1.93,0,99.99
4964000,11.319978,77.011518,1.93,0,99.99
4966000,11.319978,77.011518,1.93,0,99.99
4968000,11.319978,77.011518,1.93,0,99.99
4970000,11.319978,77.011518,1.93,0,99.99
4972000,11.319978,77.011518,1.93,0,99.99
4974000,11.319978,77.011518,1.93,0,99.99
4976000,11.319978,77.011518,1.93,0,99.99
4978000,11.319978,77.011518,1.93,0,99.99
4980000,11.319978,77.011518,1.93,0,99.99
4982000,11.319978,77.011518,1.93,0,99.99
4984000,11.319978,77.011518,1.93,0,99.99
4986000,11.319978,77.011518,1.93,0,99.99
4988000,11.319978,77.011518,1.93,0,99.99
4990000,11.319978,77.011518,1.93,0,99.99
4992000,11.319978,77.011518,1.93,0,99.99
4994000,11.319978,77.011518,1.93,0,99.99
4996000,11.319978,77.011518,1.93,0,99.99
4998000,11.319978,77.011518,1.93,0,99.99
5000000,11.319978,77.011518,1.93,0,99.99
5002000,11.319978,77.011518,1.93,0,99.99
5004000,11.319978,77.011518,1.93,0,99.99
5006000,11.319978,77.011518,1.93,0,99.99
5008000,11.319978,77.011518,1.93,0,99.99
5010000,11.319978,77.011518,1.93,0,99.99
5012000,11.319978,77.011518,1.93,0,99.99
5014000,11.319978,77.011518,1.93,0,99.99
5016000,11.319978,77.011518,1.93,0,99.99
5018000,11.319978,77.011518,1.93,0,99.99
5020000,11.319978,77.011518,1.93,0,99.99
5022000,11.319978,77.011518,1.93,0,99.99
5024000,11.319978,77.011518,1.93,0,99.99
5026000,11.319978,77.011518,1.93,0,99.99
5028000,11.319978,77.011518,1.93,0,99.99
5030000,11.319978,77.011518,1.93,0,99.99
5032000,11.319978,77.011518,1.93,0,99.99
5034000,11.319978,77.011518,1.93,0,99.99
5036000,11.319978,77.011518,1.93,0,99.99
5038000,11.319978,77.011518,1.93,0,99.99
5040000,11.319978,77.011518,1.93,0,99.99
5042000,11.319978,77.011518,1.93,0,99.99
5044000,11.319978,77.011518,1.93,0,99.99
5046000,11.319978,77.011518,1.93,0,99.99
5048000,11.319978,77.011518,1.93,0,99.99
5050000,11.319978,77.011518,1.93,0,99.99
5052000,11.319978,77.011518,1.93,0,99.99
5054000,11.319978,77.011518,1.93,0,99.99
5056000,11.319978,77.011518,1.93,0,99.99
5058000,11.319978,77.011518,1.93,0,99.99
5060000,11.319978,77.011518,1.93,0,99.99
5062000,11.319978,77.011518,1.93,0,99.99
5064000,11.319978,77.011518,1.93,0,99.99
5066000,11.319978,77.011518,1.93,0,99.99
5068000,11.319978,77.011518,1.93,0,99.99
5070000,11.319978,77.011518,1.93,0,99.99
5072000,11.319978,77.011518,1.93,0,99.99
5074000,11.319978,77.011518,1.93,0,99.99
5076000,11.319978,77.011518,1.93,0,99.99
5078000,11.319978,77.011518,1.93,0,99.99
5080000,11.319978,77.011518,1.93,0,99.99
5082000,11.319978,77.011518,1.93,0,99.99
5084000,11.319978,77.011518,1.93,0,99.99
5086000,11.319978,77.011518,1.93,0,99.99
5088000,11.319978,77.011518,1.93,0,99.99
5090000,11.319978,77.011518,1.93,0,99.99
5092000,11.319978,77.011518,1.93,0,99.99
5094000,11.319978,77.011518,1.93,0,99.99
5096000,11.319978,77.011518,1.93,0,99.99
5098000,11.319978,77.011518,1.93,0,99.99
5100000,11.319978,77.011518,1.93,0,99.99
5102000,11.319978,77.011518,1.93,0,99.99
5104000,11.319978,77.011518,1.93,0,99.99
5106000,11.319978,77.011518,1.93,0,99.99
5108000,11.319978,77.011518,1.93,0,99.99
5110000,11.319978,77.011518,1.93,0,99.99
5112000,11.319978,77.011518,1.93,0,99.99
5114000,11.319978,77.011518,1.93,0,99.99
5116000,11.319978,77.011518,1.93,0,99.99
5118000,11.319978,77.011518,1.93,0,99.99
5120000,11.319978,77.011518,1.93,0,99.99
5122000,11.319978,77.011518,1.93,0,99.99
5124000,11.319978,77.011518,1.93,0,99.99
5126000,11.319978,77.011518,1.93,0,99.99
5128000,11.319978,77.011518,1.93,0,99.99
5130000,11.319978,77.011518,1.93,0,99.99
5132000,11.319978,77.011518,1.93,0,99.99
5134000,11.319978,77.011518,1.93,0,99.99
5136000,11.319978,77.011518,1.93,0,99.99
5138000,11.319978,77.011518,1.93,0,99.99
5140000,11.319978,77.011518,1.93,0,99.99
5142000,11.319978,77.011518,1.93,0,99.99
5144000,11.319978,77.011518,1.93,0,99.99
5146000,11.319978,77.011518,1.93,0,99.99
5148000,11.319978,77.011518,1.93,0,99.99
5150000,11.319978,77.011518,1.93,0,99.99
5152000,11.319978,77.011518,1.93,0,99.99
5154000,11.319978,77.011518,1.93,0,99.99
5156000,11.319978,77.011518,1.93,0,99.99
5158000,11.319978,77.011518,1.93,0,99.99
5160000,11.319978,77.011518,1.93,0,99.99
5162000,11.319978,77.011518,1.93,0,99.99
5164000,11.319978,77.011518,1.93,0,99.99
5166000,11.319978,77.011518,1.93,0,99.99
5168000,11.319978,77.011518,1.93,0,99.99
5170000,11.319978,77.011518,1.93,0,99.99
5172000,11.319978,77.011518,1.93,0,99.99
5174000,11.319978,77.011518,1.93,0,99.99
5176000,11.319978,77.011518,1.93,0,99.99
5178000,11.319978,77.011518,1.93,0,99.99
5180000,11.319978,77.011518,1.93,0,99.99
5182000,11.319978,77.011518,1.93,0,99.99
5184000,11.319978,77.011518,1.93,0,99.99
5186000,11.319978,77.011518,1.93,0,99.99
5188000,11.319978,77.011518,1.93,0,99.99
5190000,11.319978,77.011518,1.93,0,99.99
5192000,11.319978,77.011518,1.93,0,99.99
5194000,11.319978,77.011518,1.93,0,99.99
5196000,11.319978,77.011518,1.93,0,99.99
5198000,11.319978,77.011518,1.93,0,99.99
5200000,11.319978,77.011518,1.93,0,99.99
5202000,11.319978,77.011518,1.93,0,99.99
5204000,11.319978,77.011518,1.93,0,99.99
5206000,11.319978,77.011518,1.93,0,99.99
5208000,11.319978,77.011518,1.93,0,99.99
5210000,11.319978,77.011518,1.93,0,99.99
5212000,11.319978,77.011518,1.93,0,99.99
5214000,11.319978,77.011518,1.93,0,99.99
5216000,11.319978,77.011518,1.93,0,99.99
5218000,11.319978,77.011518,1.93,0,99.99
5220000,11.319978,77.011518,1.93,0,99.99
5222000,11.319978,77.011518,1.93,0,99.99
5224000,11.319978,77.011518,1.93,0,99.99
5226000,11.319978,77.011518,1.93,0,99.99
5228000,11.319978,77.011518,1.93,0,99.99
5230000,11.319978,77.011518,1.93,0,99.99
5232000,11.319978,77.011518,1.93,0,99.99
5234000,11.319978,77.011518,1.93,0,99.99
5236000,11.319978,77.011518,1.93,0,99.99
5238000,11.319978,77.011518,1.93,0,99.99
5240000,11.319978,77.011518,1.93,0,99.99
5242000,11.319978,77.011518,1.93,0,99.99
5244000,11.319978,77.011518,1.93,0,99.99
5246000,11.319978,77.011518,1.93,0,99.99
5248000,11.319978,77.011518,1.93,0,99.99
5250000,11.319978,77.011518,1.93,0,99.99
5252000,11.319978,77.011518,1.93,0,99.99
5254000,11.319978,77.011518,1.93,0,99.99
5256000,11.319978,77.011518,1.93,0,99.99
5258000,11.319978,77.011518,1.93,0,99.99
5260000,11.319978,77.011518,1.93,0,99.99
5262000,11.319978,77.011518,1.93,0,99.99
5264000,11.319978,77.011518,1.93,0,99.99
5266000,11.319978,77.011518,1.93,0,99.99
5268000,11.319978,77.011518,1.93,0,99.99
5270000,11.319978,77.011518,1.93,0,99.99
5272000,11.319978,77.011518,1.93,0,99.99
5274000,11.319978,77.011518,1.93,0,99.99
5276000,11.319978,77.011518,1.93,0,99.99
5278000,11.319978,77.011518,1.93,0,99.99
5280000,11.319978,77.011518,1.93,0,99.99
5282000,11.319978,77.011518,1.93,0,99.99
5284000,11.319978,77.011518,1.93,0,99.99
5286000,11.319978,77.011518,1.93,0,99.99
5288000,11.319978,77.011518,1.93,0,99.99
5290000,11.319978,77.011518,1.93,0,99.99
5292000,11.319978,77.011518,1.93,0,99.99
5294000,11.319978,77.011518,1.93,0,99.99
5296000,11.319978,77.011518,1.93,0,99.99
5298000,11.319978,77.011518,1.93,0,99.99
5300000,11.319978,77.011518,1.93,0,99.99
5302000,11.319978,77.011518,1.93,0,99.99
5304000,11.319978,77.011518,1.93,0,99.99
5306000,11.319978,77.011518,1.93,0,99.99
5308000,11.319978,77.011518,1.93,0,99.99
5310000,11.319978,77.011518,1.93,0,99.99
5312000,11.319978,77.011518,1.93,0,99.99
5314000,11.319978,77.011518,1.93,0,99.99
5316000,11.319978,77.011518,1.93,0,99.99
5318000,11.319978,77.011518,1.93,0,99.99
5320000,11.319978,77.011518,1.93,0,99.99
5322000,11.319978,77.011518,1.93,0,99.99
5324000,11.319978,77.011518,1.93,0,99.99
5326000,11.319978,77.011518,1.93,0,99.99
5328000,11.319978,77.011518,1.93,0,99.99
5330000,11.319978,77.011518,1.93,0,99.99
5332000,11.319978,77.011518,1.93,0,99.99
5334000,11.319978,77.011518,1.93,0,99.99
5336000,11.319978,77.011518,1.93,0,99.99
5338000,11.319978,77.011518,1.93,0,99.99
5340000,11.319978,77.011518,1.93,0,99.99
5342000,11.319978,77.011518,1.93,0,99.99
5344000,11.319978,77.011518,1.93,0,99.99
5346000,11.319978,77.011518,1.93,0,99.99
5348000,11.319978,77.011518,1.93,0,99.99
5350000,11.319978,77.011518,1.93,0,99.99
5352000,11.319978,77.011518,1.93,0,99.99
5354000,11.319978,77.011518,1.93,0,99.99
5356000,11.319978,77.011518,1.93,0,99.99
5358000,11.319978,77.011518,1.93,0,99.99
5360000,11.319978,77.011518,1.93,0,99.99
5362000,11.319978,77.011518,1.93,0,99.99
5364000,11.319978,77.011518,1.93,0,99.99
5366000,11.319978,77.011518,1.93,0,99.99
5368000,11.319978,77.011518,1.93,0,99.99
5370000,11.319978,77.011518,1.93,0,99.99
5372000,11.319978,77.011518,1.93,0,99.99
5374000,11.319978,77.011518,1.93,0,99.99
5376000,11.319978,77.011518,1.93,0,99.99
5378000,11.319978,77.011518,1.93,0,99.99
5380000,11.319978,77.011518,1.93,0,99.99
5382000,11.319978,77.011518,1.93,0,99.99
5384000,11.319978,77.011518,1.93,0,99.99
5386000,11.319978,77.011518,1.93,0,99.99
5388000,11.319978,77.011518,1.93,0,99.99
5390000,11.319978,77.011518,1.93,0,99.99
5392000,11.319978,77.011518,1.93,0,99.99
5394000,11.319978,77.011518,1.93,0,99.99
5396000,11.319978,77.011518,1.93,0,99.99
5398000,11.319978,77.011518,1.93,0,99.99
5400000,11.319978,77.011518,1.93,0,99.99
5402000,11.319978,77.011518,1.93,0,99.99
5404000,11.319978,77.011518,1.93,0,99.99
5406000,11.319978,77.011518,1.93,0,99.99
5408000,11.319978,77.011518,1.93,0,99.99
5410000,11.319978,77.011518,1.93,0,99.99
5412000,11.319978,77.011518,1.93,0,99.99
5414000,11.319978,77.011518,1.93,0,99.99
5416000,11.319978,77.011518,1.93,0,99.99
5418000,11.319978,77.011518,1.93,0,99.99
5420000,11.319978,77.011518,1.93,0,99.99
5422000,11.319978,77.011518,1.93,0,99.99
5424000,11.319978,77.011518,1.93,0,99.99
5426000,11.319978,77.011518,1.93,0,99.99
5428000,11.319978,77.011518,1.93,0,99.99
5430000,11.319978,77.011518,1.93,0,99.99
5432000,11.319978,77.011518,1.93,0,99.99
5434000,11.319978,77.011518,1.93,0,99.99
5436000,11.319978,77.011518,1.93,0,99.99
5438000,11.319978,77.011518,1.93,0,99.99
5440000,11.319978,77.011518,1.93,0,99.99
5442000,11.319978,77.011518,1.93,0,99.99
5444000,11.319978,77.011518,1.93,0,99.99
5446000,11.319978,77.011518,1.93,0,99.99
5448000,11.319978,77.011518,1.93,0,99.99
5450000,11.319978,77.011518,1.93,0,99.99
5452000,11.319978,77.011518,1.93,0,99.99
5454000,11.319978,77.011518,1.93,0,99.99
5456000,11.319978,77.011518,1.93,0,99.99
5458000,11.319978,77.011518,1.93,0,99.99
5460000,11.319978,77.011518,1.93,0,99.99
5462000,11.319978,77.011518,1.93,0,99.99
5464000,11.319978,77.011518,1.93,0,99.99
5466000,11.319978,77.011518,1.93,0,99.99
5468000,11.319978,77.011518,1.93,0,99.99
5470000,11.319978,77.011518,1.93,0,99.99
5472000,11.319978,77.011518,1.93,0,99.99
5474000,11.319978,77.011518,1.93,0,99.99
5476000,11.319978,77.011518,1.93,0,99.99
5478000,11.319978,77.011518,1.93,0,99.99
5480000,11.319978,77.011518,1.93,0,99.99
5482000,11.319978,77.011518,1.93,0,99.99
5484000,11.319978,77.011518,1.93,0,99.99
5486000,11.319978,77.011518,1.93,0,99.99
5488000,11.319978,77.011518,1.93,0,99.99
5490000,11.319978,77.011518,1.93,0,99.99
5492000,11.319978,77.011518,1.93,0,99.99
5494000,11.319978,77.011518,1.93,0,99.99
5496000,11.319978,77.011518,1.93,0,99.99
5498000,11.319978,77.011518,1.93,0,99.99
5500000,11.319978,77.011518,1.93,0,99.99
5502000,11.319978,77.011518,1.93,0,99.99
5504000,11.319978,77.011518,1.93,0,99.99
5506000,11.319978,77.011518,1.93,0,99.99
5508000,11.319978,77.011518,1.93,0,99.99
5510000,11.319978,77.011518,1.93,0,99.99
5512000,11.319978,77.011518,1.93,0,99.99
5514000,11.319978,77.011518,1.93,0,99.99
5516000,11.319978,77.011518,1.93,0,99.99
5518000,11.319978,77.011518,1.93,0,99.99
5520000,11.319978,77.011518,1.93,0,99.99
5522000,11.319978,77.011518,1.93,0,99.99
5524000,11.319978,77.011518,1.93,0,99.99
5526000,11.319978,77.011518,1.93,0,99.99
5528000,11.319978,77.011518,1.93,0,99.99
5530000,11.319978,77.011518,1.93,0,99.99
5532000,11.319978,77.011518,1.93,0,99.99
5534000,11.319978,77.011518,1.93,0,99.99
5536000,11.319978,77.011518,1.93,0,99.99
5538000,11.319978,77.011518,1.93,0,99.99
5540000,11.319978,77.011518,1.93,0,99.99
5542000,11.319978,77.011518,1.93,0,99.99
5544000,11.319978,77.011518,1.93,0,99.99
5546000,11.319978,77.011518,1.93,0,99.99
5548000,11.319978,77.011518,1.93,0,99.99
5550000,11.319978,77.011518,1.93,0,99.99
5552000,11.319978,77.011518,1.93,0,99.99
5554000,11.319978,77.011518,1.93,0,99.99
5556000,11.319978,77.011518,1.93,0,99.99
5558000,11.319978,77.011518,1.93,0,99.99
5560000,11.319978,77.011518,1.93,0,99.99
5562000,11.319978,77.011518,1.93,0,99.99
5564000,11.319978,77.011518,1.93,0,99.99
5566000,11.319978,77.011518,1.93,0,99.99
5568000,11.319978,77.011518,1.93,0,99.99
5570000,11.319978,77.011518,1.93,0,99.99
5572000,11.319978,77.011518,1.93,0,99.99
5574000,11.319978,77.011518,1.93,0,99.99
5576000,11.319978,77.011518,1.93,0,99.99
5578000,11.319978,77.011518,1.93,0,99.99
5580000,11.319978,77.011518,1.93,0,99.99
5582000,11.319978,77.011518,1.93,0,99.99
5584000,11.319978,77.011518,1.93,0,99.99
5586000,11.319978,77.011518,1.93,0,99.99
5588000,11.319978,77.011518,1.93,0,99.99
5590000,11.319978,77.011518,1.93,0,99.99
5592000,11.319978,77.011518,1.93,0,99.99
5594000,11.319978,77.011518,1.93,0,99.99
5596000,11.319978,77.011518,1.93,0,99.99
5598000,11.319978,77.011518,1.93,0,99.99
5600000,11.319978,77.011518,1.93,0,99.99
5602000,11.319978,77.011518,1.93,0,99.99
5604000,11.319978,77.011518,1.93,0,99.99
5606000,11.319978,77.011518,1.93,0,99.99
5608000,11.319978,77.011518,1.93,0,99.99
5610000,11.319978,77.011518,1.93,0,99.99
5612000,11.319978,77.011518,1.93,0,99.99
5614000,11.319978,77.011518,1.93,0,99.99
5616000,11.319978,77.011518,1.93,0,99.99
5618000,11.319978,77.011518,1.93,0,99.99
5620000,11.319978,77.011518,1.93,0,99.99
5622000,11.319978,77.011518,1.93,0,99.99
5624000,11.319978,77.011518,1.93,0,99.99
5626000,11.319978,77.011518,1.93,0,99.99
5628000,11.319978,77.011518,1.93,0,99.99
5630000,11.319978,77.011518,1.93,0,99.99
5632000,11.319978,77.011518,1.93,0,99.99
5634000,11.319978,77.011518,1.93,0,99.99
5636000,11.319978,77.011518,1.93,0,99.99
5638000,11.319978,77.011518,1.93,0,99.99
5640000,11.319978,77.011518,1.93,0,99.99
5642000,11.319978,77.011518,1.93,0,99.99
5644000,11.319978,77.011518,1.93,0,99.99
5646000,11.319978,77.011518,1.93,0,99.99
5648000,11.319978,77.011518,1.93,0,99.99
5650000,11.319978,77.011518,1.93,0,99.99
5652000,11.319978,77.011518,1.93,0,99.99
5654000,11.319978,77.011518,1.93,0,99.99
5656000,11.319978,77.011518,1.93,0,99.99
5658000,11.319978,77.011518,1.93,0,99.99
5660000,11.319978,77.011518,1.93,0,99.99
5662000,11.319978,77.011518,1.93,0,99.99
5664000,11.319978,77.011518,1.93,0,99.99
5666000,11.319978,77.011518,1.93,0,99.99
5668000,11.319978,77.011518,1.93,0,99.99
5670000,11.319978,77.011518,1.93,0,99.99
5672000,11.319978,77.011518,1.93,0,99.99
5674000,11.319978,77.011518,1.93,0,99.99
5676000,11.319978,77.011518,1.93,0,99.99
5678000,11.319978,77.011518,1.93,0,99.99
5680000,11.319978,77.011518,1.93,0,99.99
5682000,11.319978,77.011518,1.93,0,99.99
5684000,11.319978,77.011518,1.93,0,99.99
5686000,11.319978,77.011518,1.93,0,99.99
5688000,11.319978,77.011518,1.93,0,99.99
5690000,11.319978,77.011518,1.93,0,99.99
5692000,11.319978,77.011518,1.93,0,99.99
5694000,11.319978,77.011518,1.93,0,99.99
5696000,11.319978,77.011518,1.93,0,99.99
5698000,11.319978,77.011518,1.93,0,99.99
5700000,11.319978,77.011518,1.93,0,99.99
5702000,11.319978,77.011518,1.93,0,99.99
5704000,11.319978,77.011518,1.93,0,99.99
5706000,11.319978,77.011518,1.93,0,99.99
5708000,11.319978,77.011518,1.93,0,99.99
5710000,11.319978,77.011518,1.93,0,99.99
5712000,11.319978,77.011518,1.93,0,99.99
5714000,11.319978,77.011518,1.93,0,99.99
5716000,11.319978,77.011518,1.93,0,99.99
5718000,11.319978,77.011518,1.93,0,99.99
5720000,11.319978,77.011518,1.93,0,99.99
5722000,11.319978,77.011518,1.93,0,99.99
5724000,11.319978,77.011518,1.93,0,99.99
5726000,11.319978,77.011518,1.93,0,99.99
5728000,11.319978,77.011518,1.93,0,99.99
5730000,11.319978,77.011518,1.93,0,99.99
5732000,11.319978,77.011518,1.93,0,99.99
5734000,11.319978,77.011518,1.93,0,99.99
5736000,11.319978,77.011518,1.93,0,99.99
5738000,11.319978,77.011518,1.93,0,99.99
5740000,11.319978,77.011518,1.93,0,99.99
5742000,11.319978,77.011518,1.93,0,99.99
5744000,11.319978,77.011518,1.93,0,99.99
5746000,11.319978,77.011518,1.93,0,99.99
5748000,11.319978,77.011518,1.93,0,99.99
5750000,11.319978,77.011518,1.93,0,99.99
5752000,11.319978,77.011518,1.93,0,99.99
5754000,11.319978,77.011518,1.93,0,99.99
5756000,11.319978,77.011518,1.93,0,99.99
5758000,11.319978,77.011518,1.93,0,99.99
5760000,11.319978,77.011518,1.93,0,99.99
5762000,11.319978,77.011518,1.93,0,99.99
5764000,11.319978,77.011518,1.93,0,99.99
5766000,11.319978,77.011518,1.93,0,99.99
5768000,11.319978,77.011518,1.93,0,99.99
5770000,11.319978,77.011518,1.93,0,99.99
5772000,11.319978,77.011518,1.93,0,99.99
5774000,11.319978,77.011518,1.93,0,99.99
5776000,11.319978,77.011518,1.93,0,99.99
5778000,11.319978,77.011518,1.93,0,99.99
5780000,11.319978,77.011518,1.93,0,99.99
5782000,11.319978,77.011518,1.93,0,99.99
5784000,11.319978,77.011518,1.93,0,99.99
5786000,11.319978,77.011518,1.93,0,99.99
5788000,11.319978,77.011518,1.93,0,99.99
5790000,11.319978,77.011518,1.93,0,99.99
5792000,11.319978,77.011518,1.93,0,99.99
5794000,11.319978,77.011518,1.93,0,99.99
5796000,11.319978,77.011518,1.93,0,99.99
5798000,11.319978,77.011518,1.93,0,99.99
5800000,11.319978,77.011518,1.93,0,99.99
5802000,11.319978,77.011518,1.93,0,99.99
5804000,11.319978,77.011518,1.93,0,99.99
5806000,11.319978,77.011518,1.93,0,99.99
5808000,11.319978,77.011518,1.93,0,99.99
5810000,11.319978,77.011518,1.93,0,99.99
5812000,11.319978,77.011518,1.93,0,99.99
5814000,11.319978,77.011518,1.93,0,99.99
5816000,11.319978,77.011518,1.93,0,99.99
5818000,11.319978,77.011518,1.93,0,99.99
5820000,11.319978,77.011518,1.93,0,99.99
5822000,11.319978,77.011518,1.93,0,99.99
5824000,11.319978,77.011518,1.93,0,99.99
5826000,11.319978,77.011518,1.93,0,99.99
5828000,11.319978,77.011518,1.93,0,99.99
5830000,11.319978,77.011518,1.93,0,99.99
5832000,11.319978,77.011518,1.93,0,99.99
5834000,11.319978,77.011518,1.93,0,99.99
